type1,type2,p
Teaching assistant,Guest lecturer,0.002
Teaching assistant,"Undergrad adjunct, community or PUI",0
Teaching assistant,Co-instructor/lecturer,0.044
Teaching assistant,"Undergrad adjunct, RI",0.025
Teaching assistant,Visiting assistant professor,0.005
Grad guest lecturer,Guest lecturer,0.003
Grad guest lecturer,"Undergrad adjunct, community or PUI",0
Grad guest lecturer,"Undergrad adjunct, RI",0.014
Grad guest lecturer,Visiting assistant professor,0.005
Undergrad co-instructor,Guest lecturer,0.012
Undergrad co-instructor,"Undergrad adjunct, community or PUI",0.001
Undergrad co-instructor,"Undergrad adjunct, RI",0.011
Undergrad co-instructor,Visiting assistant professor,0.018
Guest lecturer,Lecturing for Workshops,0.049
Guest lecturer,Undergrad guest lecturer,0.002
Guest lecturer,Lab Course Instructor,0.023
Guest lecturer,Undergrad instructor,0.001
Guest lecturer,High school instructor,0.01
Guest lecturer,Grad instructor,0.013
Guest lecturer,Grad co-instructor,0.002
Guest lecturer,"Undergrad adjunct, RI",0
Lecturing for Workshops,"Undergrad adjunct, community or PUI",0.003
Lecturing for Workshops,"Undergrad adjunct, RI",0.006
Lecturing for Workshops,Visiting assistant professor,0.026
Teaching certificate,"Undergrad adjunct, community or PUI",0.016
Teaching certificate,"Undergrad adjunct, RI",0.005
Undergrad guest lecturer,"Undergrad adjunct, community or PUI",0
Undergrad guest lecturer,Co-instructor/lecturer,0.045
Undergrad guest lecturer,"Undergrad adjunct, RI",0.015
Undergrad guest lecturer,Visiting assistant professor,0.005
Lab Course Instructor,"Undergrad adjunct, community or PUI",0.001
Lab Course Instructor,"Undergrad adjunct, RI",0.006
Lab Course Instructor,Visiting assistant professor,0.021
Undergrad instructor,"Undergrad adjunct, community or PUI",0
Undergrad instructor,Co-instructor/lecturer,0.034
Undergrad instructor,"Undergrad adjunct, RI",0.024
Undergrad instructor,Visiting assistant professor,0.003
High school instructor,"Undergrad adjunct, community or PUI",0.001
High school instructor,Co-instructor/lecturer,0.037
High school instructor,Visiting assistant professor,0.007
"Undergrad adjunct, community or PUI",Grad instructor,0.002
"Undergrad adjunct, community or PUI",Grad co-instructor,0
"Undergrad adjunct, community or PUI","Undergrad adjunct, RI",0
"Undergrad adjunct, community or PUI",Independent instructor,0.04
Grad instructor,"Undergrad adjunct, RI",0.047
Grad instructor,Visiting assistant professor,0.011
Co-instructor/lecturer,Grad co-instructor,0.025
Co-instructor/lecturer,"Undergrad adjunct, RI",0.002
Grad co-instructor,Visiting assistant professor,0.002
"Undergrad adjunct, RI",Independent instructor,0.003
"Undergrad adjunct, RI",Visiting assistant professor,0
