type1,type2,p
Teaching assistant,Undergrad co-instructor,0
Teaching assistant,Lecturing for Workshops,0
Teaching assistant,Teaching certificate,0.04
Teaching assistant,Undergrad guest lecturer,0.001
Teaching assistant,Undergrad instructor,0.001
Teaching assistant,Lab Course Instructor,0.007
Teaching assistant,"Undergrad adjunct, community or PUI",0
Teaching assistant,Co-instructor/lecturer,0.003
Teaching assistant,Grad co-instructor,0.005
Teaching assistant,"Undergrad adjunct, RI",0
Teaching assistant,Independent instructor,0
Teaching assistant,Grad instructor,0
Teaching assistant,Visiting assistant professor,0.009
Grad guest lecturer,Teaching certificate,0.026
Grad guest lecturer,"Undergrad adjunct, community or PUI",0.002
Grad guest lecturer,Co-instructor/lecturer,0
Grad guest lecturer,Grad co-instructor,0.001
Grad guest lecturer,"Undergrad adjunct, RI",0
Grad guest lecturer,Independent instructor,0
Grad guest lecturer,Grad instructor,0
Undergrad co-instructor,Teaching certificate,0.002
Undergrad co-instructor,Lab Course Instructor,0.018
Undergrad co-instructor,High school instructor,0.004
Undergrad co-instructor,Co-instructor/lecturer,0
Undergrad co-instructor,Grad co-instructor,0
Undergrad co-instructor,"Undergrad adjunct, RI",0
Undergrad co-instructor,Independent instructor,0.025
Undergrad co-instructor,Grad instructor,0.009
Guest lecturer,"Undergrad adjunct, community or PUI",0.038
Guest lecturer,Co-instructor/lecturer,0.002
Guest lecturer,Grad co-instructor,0.046
Guest lecturer,"Undergrad adjunct, RI",0.001
Guest lecturer,Independent instructor,0.005
Guest lecturer,Grad instructor,0.011
Lecturing for Workshops,Teaching certificate,0.028
Lecturing for Workshops,High school instructor,0.003
Lecturing for Workshops,Co-instructor/lecturer,0
Lecturing for Workshops,Grad co-instructor,0.002
Lecturing for Workshops,"Undergrad adjunct, RI",0
Teaching certificate,Undergrad guest lecturer,0.009
Teaching certificate,"Undergrad adjunct, community or PUI",0.003
Teaching certificate,Co-instructor/lecturer,0.029
Teaching certificate,"Undergrad adjunct, RI",0.023
Teaching certificate,Independent instructor,0
Teaching certificate,Grad instructor,0.005
Teaching certificate,Visiting assistant professor,0.006
Undergrad guest lecturer,High school instructor,0.012
Undergrad guest lecturer,"Undergrad adjunct, community or PUI",0.018
Undergrad guest lecturer,Co-instructor/lecturer,0
Undergrad guest lecturer,Grad co-instructor,0
Undergrad guest lecturer,"Undergrad adjunct, RI",0
Undergrad guest lecturer,Independent instructor,0.002
Undergrad guest lecturer,Grad instructor,0.002
Undergrad instructor,High school instructor,0.006
Undergrad instructor,Co-instructor/lecturer,0
Undergrad instructor,Grad co-instructor,0.004
Undergrad instructor,"Undergrad adjunct, RI",0.001
Undergrad instructor,Independent instructor,0.017
Undergrad instructor,Grad instructor,0.035
Lab Course Instructor,High school instructor,0.017
Lab Course Instructor,"Undergrad adjunct, community or PUI",0.019
Lab Course Instructor,Co-instructor/lecturer,0.002
Lab Course Instructor,"Undergrad adjunct, RI",0.004
Lab Course Instructor,Independent instructor,0.003
Lab Course Instructor,Grad instructor,0.016
Lab Course Instructor,Visiting assistant professor,0.035
High school instructor,"Undergrad adjunct, community or PUI",0
High school instructor,Co-instructor/lecturer,0.014
High school instructor,Grad co-instructor,0.036
High school instructor,"Undergrad adjunct, RI",0
High school instructor,Independent instructor,0
High school instructor,Grad instructor,0
High school instructor,Visiting assistant professor,0.004
"Undergrad adjunct, community or PUI",Co-instructor/lecturer,0
"Undergrad adjunct, community or PUI",Grad co-instructor,0
"Undergrad adjunct, community or PUI","Undergrad adjunct, RI",0.001
Co-instructor/lecturer,Independent instructor,0
Co-instructor/lecturer,Grad instructor,0
Co-instructor/lecturer,Visiting assistant professor,0
Grad co-instructor,Independent instructor,0
Grad co-instructor,Grad instructor,0.002
Grad co-instructor,Visiting assistant professor,0.001
"Undergrad adjunct, RI",Independent instructor,0
"Undergrad adjunct, RI",Grad instructor,0.009
"Undergrad adjunct, RI",Visiting assistant professor,0
