type1,type2,p
Teaching assistant,Guest lecturer,0.004
Teaching assistant,"Undergrad adjunct, community or PUI",0
Teaching assistant,"Undergrad adjunct, RI",0.004
Teaching assistant,Visiting assistant professor,0.006
Grad guest lecturer,Guest lecturer,0.003
Grad guest lecturer,"Undergrad adjunct, community or PUI",0
Grad guest lecturer,"Undergrad adjunct, RI",0.005
Grad guest lecturer,Visiting assistant professor,0.006
Undergrad co-instructor,Guest lecturer,0.019
Undergrad co-instructor,"Undergrad adjunct, community or PUI",0.001
Undergrad co-instructor,"Undergrad adjunct, RI",0.003
Undergrad co-instructor,Visiting assistant professor,0.02
Guest lecturer,Lecturing for Workshops,0.049
Guest lecturer,Undergrad guest lecturer,0.002
Guest lecturer,Undergrad instructor,0.001
Guest lecturer,Lab Course Instructor,0.024
Guest lecturer,High school instructor,0.01
Guest lecturer,Grad co-instructor,0.002
Guest lecturer,"Undergrad adjunct, RI",0
Guest lecturer,Grad instructor,0.013
Lecturing for Workshops,"Undergrad adjunct, community or PUI",0.003
Lecturing for Workshops,"Undergrad adjunct, RI",0.002
Lecturing for Workshops,Visiting assistant professor,0.026
Teaching certificate,"Undergrad adjunct, community or PUI",0.016
Teaching certificate,"Undergrad adjunct, RI",0.001
Undergrad guest lecturer,"Undergrad adjunct, community or PUI",0
Undergrad guest lecturer,"Undergrad adjunct, RI",0.005
Undergrad guest lecturer,Visiting assistant professor,0.005
Undergrad instructor,"Undergrad adjunct, community or PUI",0
Undergrad instructor,"Undergrad adjunct, RI",0.014
Undergrad instructor,Visiting assistant professor,0.003
Lab Course Instructor,"Undergrad adjunct, community or PUI",0.002
Lab Course Instructor,"Undergrad adjunct, RI",0.002
Lab Course Instructor,Visiting assistant professor,0.023
High school instructor,"Undergrad adjunct, community or PUI",0.001
High school instructor,Visiting assistant professor,0.007
"Undergrad adjunct, community or PUI",Grad co-instructor,0
"Undergrad adjunct, community or PUI","Undergrad adjunct, RI",0
"Undergrad adjunct, community or PUI",Independent instructor,0.04
"Undergrad adjunct, community or PUI",Grad instructor,0.002
Co-instructor/lecturer,"Undergrad adjunct, RI",0.003
Grad co-instructor,"Undergrad adjunct, RI",0.031
Grad co-instructor,Visiting assistant professor,0.002
"Undergrad adjunct, RI",Independent instructor,0.001
"Undergrad adjunct, RI",Grad instructor,0.041
"Undergrad adjunct, RI",Visiting assistant professor,0
Grad instructor,Visiting assistant professor,0.011
