type1,type2,p
Grad guest lecturer,"Undergrad adjunct, community or PUI",0.033
Undergrad co-instructor,Teaching certificate,0.03
Undergrad co-instructor,Lab Course Instructor,0.041
Undergrad co-instructor,"Undergrad adjunct, community or PUI",0.009
Teaching certificate,Undergrad instructor,0.029
Undergrad guest lecturer,"Undergrad adjunct, community or PUI",0.039
Lab Course Instructor,Undergrad instructor,0.029
Undergrad instructor,"Undergrad adjunct, community or PUI",0.006
"Undergrad adjunct, community or PUI",Co-instructor/lecturer,0.023
"Undergrad adjunct, community or PUI",Grad co-instructor,0.036
