comparison,difference in observed means,lower end point of the interval,upper end point of the interval,adjusted p-value,variables,figure,method,confidence
RI-PUI,13.82112332112331,10.738076651072728,16.90416999117389,0,institution type,5A,Tukey multiple comparisons of means,95
Trans/GNC-Man,-1.9453304683696917,-9.008362609537796,5.117701672798413,0.7938106991500287,gender,5A,Tukey multiple comparisons of means,95
Woman-Man,-4.4278387280838345,-8.447158289499553,-0.40851916666811583,0.02669883126749284,gender,5A,Tukey multiple comparisons of means,95
Woman-Trans/GNC,-2.482508259714143,-9.217717439901167,4.252700920472881,0.6616026484795864,gender,5A,Tukey multiple comparisons of means,95
RI:Man-PUI:Man,18.805707450444263,10.978520953084121,26.632893947804405,3.027159634072518e-10,institution type: gender,5A,Tukey multiple comparisons of means,95
PUI:Trans/GNC-PUI:Man,5.066233766233789,-7.0826851033339375,17.215152635801516,0.8399785167894893,institution type: gender,5A,Tukey multiple comparisons of means,95
RI:Trans/GNC-PUI:Man,9.816233766233701,-2.3326851033340255,21.965152635801427,0.1911393192163462,institution type: gender,5A,Tukey multiple comparisons of means,95
PUI:Woman-PUI:Man,-1.2412289203334277,-8.163611391982784,5.681153551315928,0.99566179535336,institution type: gender,5A,Tukey multiple comparisons of means,95
RI:Woman-PUI:Man,11.179277244494621,4.293603371551404,18.064951117437836,6.463453039506906e-5,institution type: gender,5A,Tukey multiple comparisons of means,95
PUI:Trans/GNC-RI:Man,-13.739473684210473,-25.90486120559719,-1.5740861628237575,0.01651086306923999,institution type: gender,5A,Tukey multiple comparisons of means,95
RI:Trans/GNC-RI:Man,-8.989473684210562,-21.15486120559728,3.1759138371761537,0.28144953029020503,institution type: gender,5A,Tukey multiple comparisons of means,95
PUI:Woman-RI:Man,-20.04693637077769,-26.99818107442402,-13.095691667131359,0,institution type: gender,5A,Tukey multiple comparisons of means,95
RI:Woman-RI:Man,-7.626430205949642,-14.541119535970605,-0.7117408759286787,0.02097292178233312,institution type: gender,5A,Tukey multiple comparisons of means,95
RI:Trans/GNC-PUI:Trans/GNC,4.749999999999911,-10.557776937896508,20.057776937896328,0.9492996013306848,institution type: gender,5A,Tukey multiple comparisons of means,95
PUI:Woman-PUI:Trans/GNC,-6.3074626865672165,-17.911392372878357,5.296466999743924,0.628308800513316,institution type: gender,5A,Tukey multiple comparisons of means,95
RI:Woman-PUI:Trans/GNC,6.113043478260831,-5.469024979730063,17.695111936251728,0.6577141135262111,institution type: gender,5A,Tukey multiple comparisons of means,95
PUI:Woman-RI:Trans/GNC,-11.057462686567128,-22.661392372878268,0.5464669997440126,0.07192322554965636,institution type: gender,5A,Tukey multiple comparisons of means,95
RI:Woman-RI:Trans/GNC,1.36304347826092,-10.219024979729975,12.945111936251815,0.9994258808072979,institution type: gender,5A,Tukey multiple comparisons of means,95
RI:Woman-PUI:Woman,12.420506164828048,6.549606817194241,18.291405512461854,4.3884101574853673e-8,institution type: gender,5A,Tukey multiple comparisons of means,95
RI-PUI,13.89910264408074,11.78979602897481,16.00840925918667,1.4099832412739488e-13,institution type,5C,Tukey multiple comparisons of means,95
1-0,3.112231082014869,0.01473390740356395,6.209728256626175,0.048610396737096995,faculty offers,5C,Tukey multiple comparisons of means,95
>1-0,10.48873064336494,7.417723601366905,13.559737685362975,1.8463008899516353e-13,faculty offers,5C,Tukey multiple comparisons of means,95
>1-1,7.376499561350071,3.829367467149259,10.923631655550883,3.7081648676107193e-6,faculty offers,5C,Tukey multiple comparisons of means,95
RI:0-PUI:0,10.086214355948805,5.719164289883429,14.453264422014179,1.0757336132982687e-9,institution type:faculty offers,5C,Tukey multiple comparisons of means,95
PUI:1-PUI:0,3.8704093567251454,-1.4605030056116761,9.201321719061967,0.30220054733477086,institution type:faculty offers,5C,Tukey multiple comparisons of means,95
RI:1-PUI:0,12.431812865497005,7.100900503160183,17.762725227833826,7.116601752343854e-10,institution type:faculty offers,5C,Tukey multiple comparisons of means,95
PUI:>1-PUI:0,2.29478927203064,-3.0055334626868633,7.595112006748144,0.81885933157501,institution type:faculty offers,5C,Tukey multiple comparisons of means,95
RI:>1-PUI:0,28.65393596986809,23.383334534980758,33.924537404755426,1.4099832412739488e-13,institution type:faculty offers,5C,Tukey multiple comparisons of means,95
PUI:1-RI:0,-6.21580499922366,-11.542749743058955,-0.8888602553883649,0.011524237432813278,institution type:faculty offers,5C,Tukey multiple comparisons of means,95
RI:1-RI:0,2.3455985095482,-2.981346234287095,7.672543253383495,0.807980950951232,institution type:faculty offers,5C,Tukey multiple comparisons of means,95
PUI:>1-RI:0,-7.791425083918165,-13.087757284707894,-2.4950928831284367,4.17831995883966e-4,institution type:faculty offers,5C,Tukey multiple comparisons of means,95
RI:>1-RI:0,18.567721613919282,13.301133232965693,23.83430999487287,1.9695356456850277e-13,institution type:faculty offers,5C,Tukey multiple comparisons of means,95
RI:1-PUI:1,8.56140350877186,2.4194298325608967,14.703377184982823,0.001043866131241189,institution type:faculty offers,5C,Tukey multiple comparisons of means,95
PUI:>1-PUI:1,-1.5756200846945054,-7.6910624330873105,4.5398222636983,0.9774602845340463,institution type:faculty offers,5C,Tukey multiple comparisons of means,95
RI:>1-PUI:1,24.783526613142943,18.69382600393486,30.873227222351026,1.433297924791077e-13,institution type:faculty offers,5C,Tukey multiple comparisons of means,95
PUI:>1-RI:1,-10.137023593466365,-16.25246594185917,-4.02158124507356,3.756046814817893e-5,institution type:faculty offers,5C,Tukey multiple comparisons of means,95
RI:>1-RI:1,16.222123104371086,10.132422495163004,22.311823713579166,1.2316814235191487e-12,institution type:faculty offers,5C,Tukey multiple comparisons of means,95
RI:>1-PUI:>1,26.35914669783745,20.29620615821173,32.42208723746317,1.4099832412739488e-13,institution type:faculty offers,5C,Tukey multiple comparisons of means,95
