figure,method,statistic.W,p.value,conf_int_95,alternative,estimate.difference in location,null.value.location shift
6A,Wilcoxon rank sum test with continuity correction,1607,0.80509,"(0, 0)",two.sided,2.61241212278465e-06,0
6B,Wilcoxon rank sum test with continuity correction,4325.5,0.00152,"(-3.6, 0)",two.sided,-0.700212664711935,0
6C,Wilcoxon rank sum test with continuity correction,1291,0.91475,"(0, 0)",two.sided,3.2647107202818e-05,0
6D,Wilcoxon rank sum test with continuity correction,72,0.39211,"(0, 100)",two.sided,9.63099942210257e-05,0
6E,Wilcoxon rank sum test with continuity correction,791,0.11716,"(-3.5, 0)",two.sided,-2.07868443920701e-05,0
6F,Wilcoxon rank sum test with continuity correction,1051.5,0.09428,"(-2.7, 0)",two.sided,-7.73961068937153e-05,0
6G,Wilcoxon rank sum test with continuity correction,19,0.93422,"(-16.7, 88.9)",two.sided,-2.1989180275778e-05,0
