figure,method,statistic.W,p.value,conf_int_95,alternative,estimate.difference in location,null.value.location shift
7A,Wilcoxon rank sum test with continuity correction,1222,0.15428,"(-3.3, 0)",two.sided,-4.41694553362902e-05,0
7B,Wilcoxon rank sum test with continuity correction,1207.5,0.75223,"(0, 0.8)",two.sided,4.03522107267555e-05,0
7C,Wilcoxon rank sum test with continuity correction,1866.5,0.18221,"(0, 2.6)",two.sided,2.96336193268049e-05,0
7D,Wilcoxon rank sum test with continuity correction,1274,0.65469,"(-1.3, 0)",two.sided,-1.10613461565204e-05,0
