type1,type2,p
Teaching assistant,Grad guest lecturer,0.025
Teaching assistant,Undergrad co-instructor,0
Teaching assistant,Lecturing for Workshops,0
Teaching assistant,Undergrad guest lecturer,0
Teaching assistant,Lab Course Instructor,0.022
Teaching assistant,Undergrad instructor,0
Teaching assistant,"Undergrad adjunct, community or PUI",0
Teaching assistant,Grad instructor,0.007
Teaching assistant,Co-instructor/lecturer,0.007
Teaching assistant,Independent instructor,0
Teaching assistant,Visiting assistant professor,0.002
Grad guest lecturer,Undergrad co-instructor,0.017
Grad guest lecturer,High school instructor,0.043
Grad guest lecturer,"Undergrad adjunct, community or PUI",0.002
Grad guest lecturer,Co-instructor/lecturer,0
Grad guest lecturer,Independent instructor,0.003
Grad guest lecturer,Visiting assistant professor,0.04
Undergrad co-instructor,Teaching certificate,0.007
Undergrad co-instructor,Lab Course Instructor,0.031
Undergrad co-instructor,High school instructor,0.001
Undergrad co-instructor,Co-instructor/lecturer,0
Undergrad co-instructor,Grad co-instructor,0.001
Undergrad co-instructor,"Undergrad adjunct, RI",0.014
Guest lecturer,"Undergrad adjunct, community or PUI",0.006
Guest lecturer,Co-instructor/lecturer,0.002
Guest lecturer,Independent instructor,0.011
Lecturing for Workshops,Teaching certificate,0.023
Lecturing for Workshops,High school instructor,0.003
Lecturing for Workshops,Co-instructor/lecturer,0
Lecturing for Workshops,Grad co-instructor,0.002
Lecturing for Workshops,"Undergrad adjunct, RI",0.024
Teaching certificate,Undergrad guest lecturer,0.047
Teaching certificate,Undergrad instructor,0.033
Teaching certificate,"Undergrad adjunct, community or PUI",0.001
Teaching certificate,Co-instructor/lecturer,0.004
Teaching certificate,Independent instructor,0.001
Teaching certificate,Visiting assistant professor,0.014
Undergrad guest lecturer,High school instructor,0.005
Undergrad guest lecturer,"Undergrad adjunct, community or PUI",0.029
Undergrad guest lecturer,Co-instructor/lecturer,0
Undergrad guest lecturer,Grad co-instructor,0.004
Undergrad guest lecturer,"Undergrad adjunct, RI",0.03
Undergrad guest lecturer,Independent instructor,0.044
Lab Course Instructor,High school instructor,0.038
Lab Course Instructor,"Undergrad adjunct, community or PUI",0.004
Lab Course Instructor,Co-instructor/lecturer,0
Lab Course Instructor,Independent instructor,0.005
Lab Course Instructor,Visiting assistant professor,0.045
Undergrad instructor,High school instructor,0.004
Undergrad instructor,Co-instructor/lecturer,0
Undergrad instructor,Grad co-instructor,0.005
Undergrad instructor,"Undergrad adjunct, RI",0.027
High school instructor,"Undergrad adjunct, community or PUI",0
High school instructor,Grad instructor,0.01
High school instructor,Independent instructor,0
High school instructor,Visiting assistant professor,0.003
"Undergrad adjunct, community or PUI",Co-instructor/lecturer,0
"Undergrad adjunct, community or PUI",Grad co-instructor,0
"Undergrad adjunct, community or PUI","Undergrad adjunct, RI",0.004
Grad instructor,Co-instructor/lecturer,0
Grad instructor,Grad co-instructor,0.015
Grad instructor,"Undergrad adjunct, RI",0.027
Co-instructor/lecturer,Grad co-instructor,0.019
Co-instructor/lecturer,Independent instructor,0
Co-instructor/lecturer,Visiting assistant professor,0
Grad co-instructor,Independent instructor,0
Grad co-instructor,Visiting assistant professor,0.006
"Undergrad adjunct, RI",Independent instructor,0.004
"Undergrad adjunct, RI",Visiting assistant professor,0.011
